vendor_name,invoice_number,invoice_date,due_date,currency,subtotal,tax,total_amount,payment_terms,line_items_summary,issues,status,needs_approval,source_email,source_subject,source_file,extraction_method,ocr_pages,execution_id,received_at,intake_latency_seconds,day_of_week,processed_at,invoice_uid,source_message_id,retry_of_execution_id,retry_source_row,retry_processed_at
Maple IT Services,MAP-2149,2026-01-19,2026-03-05,CAD,5449.54,708.44,6157.98,Net 45,Purchase of printer paper cases and software licenses totaling 12 items.,Duplicate invoice - already processed,Pending Approval,TRUE,ayodejiyekeen01@gmail.com,Invoice — inv_c69ff49d.pdf [uid:c69ff49d-ca86-490f-b0bc-696fe7c142c2],inv_c69ff49d.pdf,mistral-document-annotation,1,57,2026-06-27T00:50:44.000Z,239102,Monday,2026-06-29T19:15:45.723Z,c69ff49d-ca86-490f-b0bc-696fe7c142c2,19f068ec4d930df4,,,
Lakeside Logistics,LAK-2148,2026-02-02,2026-02-17,CAD,2605.64,338.73,2649.93,Net 30,"Mixed services and supplies including courier delivery, server maintenance, and printer paper.",Duplicate invoice - already processed; Math check failed: subtotal+tax (2944.37) != total (2649.93),Pending Approval,TRUE,ayodejiyekeen01@gmail.com,Invoice — inv_63606811.pdf [uid:63606811-4cb6-40de-adb6-3befa3976c2e],inv_63606811.pdf,mistral-document-annotation,1,57,2026-06-27T00:50:38.000Z,239112,Monday,2026-06-29T19:15:49.827Z,63606811-4cb6-40de-adb6-3befa3976c2e,19f068ea8941ed9f,,,
Maple IT Services,MAP-2147,2026-03-02,2026-04-01,CAD,5978.06,777.15,6755.21,Due on receipt,"Server maintenance, monthly retainer, printer paper, and design revisions billed at CAD rates.",Duplicate invoice - already processed,Pending Approval,TRUE,ayodejiyekeen01@gmail.com,Invoice — inv_1954154e.pdf [uid:1954154e-e38d-4616-858e-cc1a61a5756c],inv_1954154e.pdf,mistral-document-annotation,1,57,2026-06-27T00:50:32.000Z,239121,Monday,2026-06-29T19:15:53.111Z,1954154e-e38d-4616-858e-cc1a61a5756c,19f068e90e5700fe,,,
Trillium Catering,TRI-2146,2026-04-07,2026-05-07,USD,477.55,62.08,539.63,Net 15,"Catering platters, software licenses, and monthly retainers for a total of 11 line items.",None,Auto-Approved,FALSE,ayodejiyekeen01@gmail.com,Invoice — inv_a2f44547.pdf [uid:a2f44547-94c7-4de3-91a4-a7a5a7027786],inv_a2f44547.pdf,mistral-document-annotation,1,57,2026-06-27T00:50:26.000Z,239130,Monday,2026-06-29T19:15:56.323Z,a2f44547-94c7-4de3-91a4-a7a5a7027786,19f068e7daf8a218,,,
Bluebird Marketing,BLU-2145,2026-03-29,2026-04-13,CAD,5076.55,659.95,5736.5,Net 15,"5 toner cartridges and 5 cleaning services billed at CAD 1,007.31 and CAD 8.00 per unit respectively.",None,Pending Approval,TRUE,ayodejiyekeen01@gmail.com,Invoice — inv_e6138967.pdf [uid:e6138967-e777-45a9-b2b7-ac8634705c61],inv_e6138967.pdf,mistral-document-annotation,1,57,2026-06-27T00:50:21.000Z,239139,Monday,2026-06-29T19:15:59.571Z,e6138967-e777-45a9-b2b7-ac8634705c61,19f068e64de2a1b6,,,
Northstar Office Supply,NOR-2144,2026-05-02,2026-06-01,CAD,715.92,93.07,808.99,Net 15,Purchase of 2 catering platters,Duplicate invoice - already processed,Pending Approval,TRUE,ayodejiyekeen01@gmail.com,Invoice — inv_1d24bac0.pdf [uid:1d24bac0-9351-40c2-9086-0b9188312f2d],inv_1d24bac0.pdf,mistral-document-annotation,1,57,2026-06-27T00:50:15.000Z,239148,Monday,2026-06-29T19:16:02.752Z,1d24bac0-9351-40c2-9086-0b9188312f2d,19f068e4c88bf28b,,,
Trillium Catering,TRI-2143,2026-05-24,2026-07-08,USD,345.02,44.85,421.06,Net 30,"Software licenses, stationery sets, design revisions, and printer paper purchased.",Math check failed: subtotal+tax (389.87) != total (421.06),Pending Approval,TRUE,ayodejiyekeen01@gmail.com,Invoice — inv_4b8a1895.pdf [uid:4b8a1895-764f-44b0-a244-2d5e437a2d5c],inv_4b8a1895.pdf,mistral-document-annotation,1,57,2026-06-27T00:50:09.000Z,239157,Monday,2026-06-29T19:16:06.452Z,4b8a1895-764f-44b0-a244-2d5e437a2d5c,19f068e378e0a278,,,
Maple IT Services,MAP-2142,2026-01-14,2026-02-13,CAD,529.74,68.87,598.61,Net 30,Purchase of 6 cases of printer paper,Duplicate invoice - already processed,Pending Approval,TRUE,ayodejiyekeen01@gmail.com,Invoice — inv_1470fba7.pdf [uid:1470fba7-0907-4a21-9097-002088b5bdac],inv_1470fba7.pdf,mistral-document-annotation,1,57,2026-06-27T00:50:03.000Z,239167,Monday,2026-06-29T19:16:09.640Z,1470fba7-0907-4a21-9097-002088b5bdac,19f068e1f387961a,,,
QuickPrint Studio,,2026-05-07,2026-06-06,CAD,405.92,52.77,458.69,Net 45,Consulting hours and server maintenance services billed.,Missing invoice number,Pending Approval,TRUE,ayodejiyekeen01@gmail.com,Invoice — inv_54a0cdff.pdf [uid:54a0cdff-7ed4-4696-8016-94d6fff8f906],inv_54a0cdff.pdf,mistral-document-annotation,1,57,2026-06-27T00:49:57.000Z,239176,Monday,2026-06-29T19:16:13.292Z,54a0cdff-7ed4-4696-8016-94d6fff8f906,19f068e09833debb,,,
Northstar Office Supply,NOR-2140,2026-01-18,2026-02-02,CAD,281.42,36.58,318,Due on receipt,Freight charge and server maintenance services totaling $281.42 before tax.,Duplicate invoice - already processed,Pending Approval,TRUE,ayodejiyekeen01@gmail.com,Invoice — inv_f8bdfae7.pdf [uid:f8bdfae7-6e76-4097-a3e7-6ae564e38210],inv_f8bdfae7.pdf,mistral-document-annotation,1,57,2026-06-27T00:49:51.000Z,239186,Monday,2026-06-29T19:16:16.502Z,f8bdfae7-6e76-4097-a3e7-6ae564e38210,19f068df45a1cdb8,,,
Maple IT Services,MAP-2139,2026-05-07,2026-06-06,CAD,8813.55,1145.76,9959.31,Net 45,"Five line items including cleaning services, monthly retainers, and server maintenance.",None,Pending Approval,TRUE,ayodejiyekeen01@gmail.com,Invoice — inv_5bab4a0f.pdf [uid:5bab4a0f-5348-4e85-97e5-343fec402531],inv_5bab4a0f.pdf,mistral-document-annotation,1,57,2026-06-27T00:49:46.000Z,239194,Monday,2026-06-29T19:16:20.183Z,5bab4a0f-5348-4e85-97e5-343fec402531,19f068ddeea88467,,,
Bluebird Marketing,BLU-2138,2026-02-27,2026-04-13,CAD,4660.89,605.92,5266.81,Net 45,"Design revisions, freight charges, and monthly retainer fees for three months.",None,Pending Approval,TRUE,ayodejiyekeen01@gmail.com,Invoice — inv_e962aba8.pdf [uid:e962aba8-435a-4b09-9073-a8f7a52b750d],inv_e962aba8.pdf,mistral-document-annotation,1,57,2026-06-27T00:49:40.000Z,239204,Monday,2026-06-29T19:16:23.653Z,e962aba8-435a-4b09-9073-a8f7a52b750d,19f068dc6abca1d8,,,
Bluebird Marketing,BLU-2137,2026-02-18,2026-04-04,CAD,3004.13,390.54,3903.87,Net 45,"Courier delivery (3 items) and server maintenance (4 items) totaling CAD $3,004.13 before tax.",Math check failed: subtotal+tax (3394.67) != total (3903.87),Pending Approval,TRUE,ayodejiyekeen01@gmail.com,Invoice — inv_80b6160f.pdf [uid:80b6160f-72b6-4186-8c6e-47fbf13f8ea5],inv_80b6160f.pdf,mistral-document-annotation,1,57,2026-06-27T00:49:34.000Z,239213,Monday,2026-06-29T19:16:27.367Z,80b6160f-72b6-4186-8c6e-47fbf13f8ea5,19f068daca91edfb,,,
Lakeside Logistics,LAK-2136,2026-02-26,2026-04-12,CAD,1202.04,156.27,1358.31,Due on receipt,"Purchase of 6 toner cartridges, 2 freight charges, and 3 software licenses with 13% tax applied.",None,Pending Approval,TRUE,ayodejiyekeen01@gmail.com,Invoice — inv_5373cbec.pdf [uid:5373cbec-544b-4ae6-8ce5-e23afd9f37fe],inv_5373cbec.pdf,mistral-document-annotation,1,57,2026-06-27T00:49:28.000Z,239223,Monday,2026-06-29T19:16:30.601Z,5373cbec-544b-4ae6-8ce5-e23afd9f37fe,19f068d9702ae24a,,,
Bluebird Marketing,,2026-06-21,2026-07-21,CAD,11144.16,1448.74,12592.9,Due on receipt,"Six catering platters, six monthly retainers, and six stationery sets.",Invoice number looks invalid (possible OCR/reference mismatch); Missing invoice number,Pending Approval,TRUE,ayodejiyekeen01@gmail.com,Invoice — inv_4675b0d8.pdf [uid:4675b0d8-9f39-459c-b433-b81f2bbcd24e],inv_4675b0d8.pdf,mistral-document-annotation,1,57,2026-06-27T00:49:22.000Z,239232,Monday,2026-06-29T19:16:33.854Z,4675b0d8-9f39-459c-b433-b81f2bbcd24e,19f068d85a399fb9,,,
Maple IT Services,MAP-2134,2026-05-21,2026-07-05,CAD,3344.44,434.78,3779.22,Net 45,"Four toner cartridges, six design revisions, and five courier deliveries.",None,Pending Approval,TRUE,ayodejiyekeen01@gmail.com,Invoice — inv_9f9848bf.pdf [uid:9f9848bf-d97a-449d-8396-c324fb8948c7],inv_9f9848bf.pdf,mistral-document-annotation,1,57,2026-06-27T00:49:17.000Z,239241,Monday,2026-06-29T19:16:37.507Z,9f9848bf-d97a-449d-8396-c324fb8948c7,19f068d6c8dd14ea,,,
Maple IT Services,MAP-2133,2026-03-31,2026-05-15,CAD,1950.91,253.62,2204.53,Net 30,"Three courier delivery charges totaling CAD 1,950.91 before tax.",None,Pending Approval,TRUE,ayodejiyekeen01@gmail.com,Invoice — inv_7fa4ed3d.pdf [uid:7fa4ed3d-8241-4b6a-b071-d7f4b2a6541e],inv_7fa4ed3d.pdf,mistral-document-annotation,1,57,2026-06-27T00:49:11.000Z,239250,Monday,2026-06-29T19:16:40.716Z,7fa4ed3d-8241-4b6a-b071-d7f4b2a6541e,19f068d5745ab64c,,,
Lakeside Logistics,LAK-2132,2026-03-17,2026-04-01,USD,2651.4,344.68,2996.08,Net 15,Catering platter (5 units) and software license (5 units) with sales tax applied.,None,Pending Approval,TRUE,ayodejiyekeen01@gmail.com,Invoice — inv_630e4866.pdf [uid:630e4866-994d-4f3b-898f-8a3888d0f458],inv_630e4866.pdf,mistral-document-annotation,1,57,2026-06-27T00:49:05.000Z,239259,Monday,2026-06-29T19:16:43.973Z,630e4866-994d-4f3b-898f-8a3888d0f458,19f068d3c80c738f,,,
Lakeside Logistics,,2026-03-13,2026-04-12,CAD,2254.36,293.07,2547.43,Net 45,"Two cleaning service charges at $1,127.18 each with 13% tax.",Invoice number looks invalid (possible OCR/reference mismatch); Missing invoice number,Pending Approval,TRUE,ayodejiyekeen01@gmail.com,Invoice — inv_ea2557bf.pdf [uid:ea2557bf-8b30-43af-b5ea-abb19fe98d99],inv_ea2557bf.pdf,mistral-document-annotation,1,57,2026-06-27T00:48:59.000Z,239269,Monday,2026-06-29T19:16:47.882Z,ea2557bf-8b30-43af-b5ea-abb19fe98d99,19f068d2699bc950,,,
Bluebird Marketing,BLU-2130,2026-01-17,2026-02-16,CAD,2553.65,331.97,2885.62,Due on receipt,"Multiple items including courier deliveries, software licenses, and cleaning services totaling CAD $2,885.62.",None,Pending Approval,TRUE,ayodejiyekeen01@gmail.com,Invoice — inv_904d19eb.pdf [uid:904d19eb-7385-4f4b-a2c3-59b95f4b0dd3],inv_904d19eb.pdf,mistral-document-annotation,1,57,2026-06-27T00:48:53.000Z,239279,Monday,2026-06-29T19:16:51.637Z,904d19eb-7385-4f4b-a2c3-59b95f4b0dd3,19f068d13947e2da,,,
Lakeside Logistics,LAK-2128,2026-02-14,2026-03-16,CAD,2191.02,284.83,2475.85,Net 45,Two line items: printer paper (case) and monthly retainer for 4 units.,None,Pending Approval,TRUE,ayodejiyekeen01@gmail.com,Invoice — inv_6cb9c004.pdf [uid:6cb9c004-1f45-4ef4-972e-5aff45e7e760],inv_6cb9c004.pdf,mistral-document-annotation,1,57,2026-06-27T00:48:48.000Z,239287,Monday,2026-06-29T19:16:54.920Z,6cb9c004-1f45-4ef4-972e-5aff45e7e760,19f068cf85d02127,,,
Lakeside Logistics,LAK-2128,2026-02-01,2026-03-03,CAD,2594.25,337.25,2931.5,Net 15,"Design revisions, stationery sets, and cleaning services billed in CAD.",Duplicate invoice - already processed,Pending Approval,TRUE,ayodejiyekeen01@gmail.com,Invoice — inv_08288132.pdf [uid:08288132-c77c-400f-926e-b3d383eea524],inv_08288132.pdf,mistral-document-annotation,1,57,2026-06-27T00:48:42.000Z,239296,Monday,2026-06-29T19:16:58.430Z,08288132-c77c-400f-926e-b3d383eea524,19f068ce3aa902b5,,,
Lakeside Logistics,LAK-2127,2026-01-23,2026-02-07,USD,1129.4,146.82,1276.22,Due on receipt,"Server maintenance, software licenses, and monthly retainers billed for 3, 2, and 4 units respectively.",None,Pending Approval,TRUE,ayodejiyekeen01@gmail.com,Invoice — inv_19b2d853.pdf [uid:19b2d853-97dd-4ebc-b9ab-f638db3a2ac0],inv_19b2d853.pdf,mistral-document-annotation,1,57,2026-06-27T00:48:36.000Z,239306,Monday,2026-06-29T19:17:01.670Z,19b2d853-97dd-4ebc-b9ab-f638db3a2ac0,19f068ccabcc8d8f,,,
Cedar Facilities Co,,2026-03-13,2026-04-12,CAD,1171.46,152.29,1323.75,Due on receipt,"Purchase of 1 case of printer paper for $1,171.46 plus 13% tax.",Missing invoice number,Pending Approval,TRUE,ayodejiyekeen01@gmail.com,Invoice — inv_7d7a829a.pdf [uid:7d7a829a-70ed-4e90-885e-e111a458b99b],inv_7d7a829a.pdf,mistral-document-annotation,1,57,2026-06-27T00:48:30.000Z,239315,Monday,2026-06-29T19:17:04.909Z,7d7a829a-70ed-4e90-885e-e111a458b99b,19f068cb4910b05d,,,
Maple IT Services,MAP-2125,2026-06-02,2026-07-02,CAD,2309.16,300.19,2609.35,Net 45,Purchase of 11 toner cartridges and 5 months of retainer services,None,Pending Approval,TRUE,ayodejiyekeen01@gmail.com,Invoice — inv_65f093fa.pdf [uid:65f093fa-9fca-4f45-b823-e5357d40a307],inv_65f093fa.pdf,mistral-document-annotation,1,57,2026-06-27T00:48:24.000Z,239324,Monday,2026-06-29T19:17:08.234Z,65f093fa-9fca-4f45-b823-e5357d40a307,19f068c9d6134561,,,
Lakeside Logistics,LAK-2124,2026-03-28,2026-04-27,CAD,2231.1,290.04,2521.14,Net 45,"Purchase of 5 cases of printer paper for a total of $2,521.14 including tax.",None,Pending Approval,TRUE,ayodejiyekeen01@gmail.com,Invoice — inv_8cc45c91.pdf [uid:8cc45c91-67d0-4165-a922-6f41f97d3a47],inv_8cc45c91.pdf,mistral-document-annotation,1,57,2026-06-27T00:48:19.000Z,239332,Monday,2026-06-29T19:17:11.394Z,8cc45c91-67d0-4165-a922-6f41f97d3a47,19f068c868cf3657,,,
Northstar Office Supply,NOR-2123,2026-06-28,2026-07-28,CAD,490.11,63.71,553.82,Net 30,"Purchase of stationery, cleaning services, printer paper, and software licenses totaling 490.11 CAD before tax.",None,Auto-Approved,FALSE,ayodejiyekeen01@gmail.com,Invoice — inv_db621011.pdf [uid:db621011-2660-4f36-b062-7959917aec1e],inv_db621011.pdf,mistral-document-annotation,1,57,2026-06-27T00:48:13.000Z,239342,Monday,2026-06-29T19:17:14.678Z,db621011-2660-4f36-b062-7959917aec1e,19f068c73d65b193,,,
Bluebird Marketing,BLU-2122,2026-05-31,2026-06-30,CAD,5869.15,762.99,6632.14,Net 30,"5 catering platters at $1,173.83 each with 13% tax",None,Pending Approval,TRUE,ayodejiyekeen01@gmail.com,Invoice — inv_b08297c7.pdf [uid:b08297c7-e1e9-4ff6-914e-db9f00feefde],inv_b08297c7.pdf,mistral-document-annotation,1,57,2026-06-27T00:48:07.000Z,239351,Monday,2026-06-29T19:17:18.108Z,b08297c7-e1e9-4ff6-914e-db9f00feefde,19f068c5bd0b7f96,,,
Cedar Facilities Co,CED-2103,2026-03-03,2026-03-18,CAD,1389.06,180.58,1569.64,Net 30,Purchase of 12 stationery sets (6 at 98.71 CAD and 6 at 132.80 CAD) with GST/HST tax applied.,None,Pending Approval,TRUE,ayodejiyekeen01@gmail.com,Invoice — inv_1f874175.pdf [uid:1f874175-69c4-46b1-a2c0-421b1b769d94],inv_1f874175.pdf,mistral-document-annotation,1,57,2026-06-27T00:48:01.000Z,239360,Monday,2026-06-29T19:17:21.284Z,1f874175-69c4-46b1-a2c0-421b1b769d94,19f068c471585ec1,,,
Northstar Office Supply,NOR-2120,2026-06-28,2026-07-28,CAD,454.14,59.04,513.18,Net 15,Purchase of 4 cases of printer paper and 6 toner cartridges,None,Auto-Approved,FALSE,ayodejiyekeen01@gmail.com,Invoice — inv_165f5d3d.pdf [uid:165f5d3d-acd1-4821-a93b-e33be196735e],inv_165f5d3d.pdf,mistral-document-annotation,1,57,2026-06-27T00:47:55.000Z,239369,Monday,2026-06-29T19:17:24.477Z,165f5d3d-acd1-4821-a93b-e33be196735e,19f068c2f9201917,,,
Maple IT Services,MAP-2117,2026-04-29,2026-05-29,CAD,2909.45,378.23,3287.68,Net 45,Freight and courier delivery charges for 6 items.,None,Pending Approval,TRUE,ayodejiyekeen01@gmail.com,Invoice — inv_5f3cdf96.pdf [uid:5f3cdf96-3abb-4f96-83bd-04a273036e22],inv_5f3cdf96.pdf,mistral-document-annotation,1,57,2026-06-27T00:47:50.000Z,239378,Monday,2026-06-29T19:17:28.201Z,5f3cdf96-3abb-4f96-83bd-04a273036e22,19f068c167fc8dce,,,
Northstar Office Supply,,2026-04-10,2026-05-25,CAD,847.37,110.16,957.53,Net 30,"Consulting hours, catering platter, cleaning service, and software licenses purchased.",Invoice number looks invalid (possible OCR/reference mismatch); Missing invoice number,Pending Approval,TRUE,ayodejiyekeen01@gmail.com,Invoice — inv_c8cad2bd.pdf [uid:c8cad2bd-ecb3-4b6e-b033-1f77bb7eba0f],inv_c8cad2bd.pdf,mistral-document-annotation,1,57,2026-06-27T00:47:44.000Z,239388,Monday,2026-06-29T19:17:31.586Z,c8cad2bd-ecb3-4b6e-b033-1f77bb7eba0f,19f068bfed5c6346,,,
Maple IT Services,MAP-2117,2026-06-25,2026-08-09,CAD,2675.69,347.84,3023.53,Net 30,"Purchase of office supplies, design revisions, and consulting services totaling $3,023.53 including tax.",Duplicate invoice - already processed,Pending Approval,TRUE,ayodejiyekeen01@gmail.com,Invoice — inv_0eb71d22.pdf [uid:0eb71d22-ef93-4a3d-a184-120f8619021e],inv_0eb71d22.pdf,mistral-document-annotation,1,57,2026-06-27T00:47:38.000Z,239397,Monday,2026-06-29T19:17:35.279Z,0eb71d22-ef93-4a3d-a184-120f8619021e,19f068be8a18a2eb,,,
Bluebird Marketing,BLU-2116,2026-03-21,2026-05-05,CAD,3187.7,414.4,3602.1,Net 45,"Office supplies and catering items including paper, toner, delivery, and platter.",None,Pending Approval,TRUE,ayodejiyekeen01@gmail.com,Invoice — inv_c73a2a41.pdf [uid:c73a2a41-5be1-40bd-9187-e73d534fb189],inv_c73a2a41.pdf,mistral-document-annotation,1,57,2026-06-27T00:47:32.000Z,239407,Monday,2026-06-29T19:17:38.664Z,c73a2a41-5be1-40bd-9187-e73d534fb189,19f068bd3448c0ca,,,
Northstar Office Supply,,2026-03-15,2026-03-30,USD,414.6,53.9,468.5,Due on receipt,Monthly retainer and server maintenance services billed for 3 months.,Invoice number looks invalid (possible OCR/reference mismatch); Missing invoice number,Pending Approval,TRUE,ayodejiyekeen01@gmail.com,Invoice — inv_3fb9c9b4.pdf [uid:3fb9c9b4-2b3d-474f-8b3b-1d60b300d181],inv_3fb9c9b4.pdf,mistral-document-annotation,1,57,2026-06-27T00:47:26.000Z,239416,Monday,2026-06-29T19:17:41.902Z,3fb9c9b4-2b3d-474f-8b3b-1d60b300d181,19f068bc318bda76,,,
Bluebird Marketing,BLU-2113,2026-05-16,2026-05-16,CAD,2011.26,261.46,2272.72,Due on receipt,"Catering platter (x3) for CAD $2,011.26 plus CAD $261.46 tax",None,Pending Approval,TRUE,ayodejiyekeen01@gmail.com,Invoice — inv_f934b7d6.pdf [uid:f934b7d6-92fd-4627-9649-9f110f8ecaa6],inv_f934b7d6.pdf,mistral-document-annotation,1,57,2026-06-27T00:47:21.000Z,239424,Monday,2026-06-29T19:17:45.138Z,f934b7d6-92fd-4627-9649-9f110f8ecaa6,19f068ba7fe42456,,,
Bluebird Marketing,BLU-2113,2026-01-21,2026-03-07,CAD,64,8.32,72.32,Net 30,"Two line items: server maintenance and stationery sets, each billed 4 times at $8.00 per unit.",Duplicate invoice - already processed,Pending Approval,TRUE,ayodejiyekeen01@gmail.com,Invoice — inv_764fa6a8.pdf [uid:764fa6a8-49e2-4a3a-8f81-3b3ab369dd77],inv_764fa6a8.pdf,mistral-document-annotation,1,57,2026-06-27T00:47:15.000Z,239434,Monday,2026-06-29T19:17:48.892Z,764fa6a8-49e2-4a3a-8f81-3b3ab369dd77,19f068b90b7b72b1,,,
Maple IT Services,MAP-2112,2026-06-02,2026-07-02,CAD,2506.08,325.79,2831.87,Net 45,"Two catering platters totaling CAD $2,506.08 plus CAD $325.79 tax.",None,Pending Approval,TRUE,ayodejiyekeen01@gmail.com,Invoice — inv_0245a211.pdf [uid:0245a211-46bf-4eae-acb4-29c4bb22ef03],inv_0245a211.pdf,mistral-document-annotation,1,57,2026-06-27T00:47:09.000Z,239444,Monday,2026-06-29T19:17:52.576Z,0245a211-46bf-4eae-acb4-29c4bb22ef03,19f068b79c9d9696,,,
Northstar Office Supply,NOR-2108,2026-01-16,2026-03-02,CAD,421.84,54.84,476.68,Net 45,4 cleaning service sessions billed at $105.46 each.,None,Auto-Approved,FALSE,ayodejiyekeen01@gmail.com,Invoice — inv_b2a15683.pdf [uid:b2a15683-fade-4c42-8ea7-84c12aace9cb],inv_b2a15683.pdf,mistral-document-annotation,1,57,2026-06-27T00:47:03.000Z,239453,Monday,2026-06-29T19:17:55.906Z,b2a15683-fade-4c42-8ea7-84c12aace9cb,19f068b6033396b3,,,
QuickPrint Studio,QUI-2110,2026-05-31,2026-07-15,CAD,512.62,66.64,579.26,Net 15,Stationery sets and monthly retainer services billed for 2 and 4 units respectively.,None,Auto-Approved,FALSE,ayodejiyekeen01@gmail.com,Invoice — inv_1eee84bb.pdf [uid:1eee84bb-0d0e-4a36-acf1-e17a3015d0b9],inv_1eee84bb.pdf,mistral-document-annotation,1,57,2026-06-27T00:46:57.000Z,239462,Monday,2026-06-29T19:17:59.176Z,1eee84bb-0d0e-4a36-acf1-e17a3015d0b9,19f068b4b6a83d0c,,,
Bluebird Marketing,BLU-2109,2026-05-02,2026-05-17,CAD,2391.98,310.96,2702.94,Due on receipt,Monthly retainer and consulting hours billed at standard rates with 13% tax.,None,Pending Approval,TRUE,ayodejiyekeen01@gmail.com,Invoice — inv_7867f4ef.pdf [uid:7867f4ef-0a06-4f57-9023-ae2bc46dabad],inv_7867f4ef.pdf,mistral-document-annotation,1,57,2026-06-27T00:46:52.000Z,239470,Monday,2026-06-29T19:18:02.445Z,7867f4ef-0a06-4f57-9023-ae2bc46dabad,19f068b351de7206,,,
Northstar Office Supply,NOR-2108,2026-03-01,2026-03-31,CAD,569,73.97,642.97,Due on receipt,Software licenses and design revision services totaling $642.97 including tax.,Duplicate invoice - already processed,Pending Approval,TRUE,ayodejiyekeen01@gmail.com,Invoice — inv_d079ca3a.pdf [uid:d079ca3a-c47c-4886-9c95-c1048191c44c],inv_d079ca3a.pdf,mistral-document-annotation,1,57,2026-06-27T00:46:46.000Z,239480,Monday,2026-06-29T19:18:05.676Z,d079ca3a-c47c-4886-9c95-c1048191c44c,19f068b1f7b73c7b,,,
Maple IT Services,MAP-2102,2026-01-12,2026-02-11,CAD,1644.6,213.8,1858.4,Net 45,2 catering platters at 822.30 CAD each with GST/HST included.,None,Pending Approval,TRUE,ayodejiyekeen01@gmail.com,Invoice — inv_7a4b4d69.pdf [uid:7a4b4d69-4cd1-4286-8a5c-08b8d82801b8],inv_7a4b4d69.pdf,mistral-document-annotation,1,57,2026-06-27T00:46:40.000Z,239489,Monday,2026-06-29T19:18:08.891Z,7a4b4d69-4cd1-4286-8a5c-08b8d82801b8,19f068b0d4753e22,,,
Lakeside Logistics,LAK-2106,2026-04-21,2026-05-06,CAD,3184.22,413.95,3598.17,Net 45,One cleaning service and four freight charges.,None,Pending Approval,TRUE,ayodejiyekeen01@gmail.com,Invoice — inv_d2f3bff1.pdf [uid:d2f3bff1-041f-4f2a-bd61-2960117567ee],inv_d2f3bff1.pdf,mistral-document-annotation,1,57,2026-06-27T00:46:34.000Z,239498,Monday,2026-06-29T19:18:12.365Z,d2f3bff1-041f-4f2a-bd61-2960117567ee,19f068af75195d48,,,
Bluebird Marketing,BLU-2105,2026-01-31,2026-02-15,CAD,5133.65,667.37,5801.02,Net 30,Monthly retainer and server maintenance services billed.,None,Pending Approval,TRUE,ayodejiyekeen01@gmail.com,Invoice — inv_fe16b880.pdf [uid:fe16b880-4e2f-471d-92b4-154830d65d2e],inv_fe16b880.pdf,mistral-document-annotation,1,57,2026-06-27T00:46:29.000Z,239507,Monday,2026-06-29T19:18:15.609Z,fe16b880-4e2f-471d-92b4-154830d65d2e,19f068adb7dd5867,,,
Trillium Catering,,2026-05-03,2026-06-02,CAD,1715.14,222.97,1938.11,Due on receipt,"Four stationery sets, two software licenses, and six catering platters purchased.",Invoice number looks invalid (possible OCR/reference mismatch); Missing invoice number,Pending Approval,TRUE,ayodejiyekeen01@gmail.com,Invoice — inv_3e49a022.pdf [uid:3e49a022-fb39-4834-99a6-d7ab107229ba],inv_3e49a022.pdf,mistral-document-annotation,1,57,2026-06-27T00:46:23.000Z,239516,Monday,2026-06-29T19:18:19.307Z,3e49a022-fb39-4834-99a6-d7ab107229ba,19f068ac4aa56c4a,,,
Cedar Facilities Co,CED-2103,2026-02-16,2026-04-02,CAD,1454.36,189.07,1643.43,Net 45,"Design revisions and stationery sets billed at CAD 164.54 and CAD 159.24 per unit, respectively.",Duplicate invoice - already processed,Pending Approval,TRUE,ayodejiyekeen01@gmail.com,Invoice — inv_32f9d477.pdf [uid:32f9d477-191d-4293-ba9d-ca59d11f2595],inv_32f9d477.pdf,mistral-document-annotation,1,57,2026-06-27T00:46:17.000Z,239526,Monday,2026-06-29T19:18:22.651Z,32f9d477-191d-4293-ba9d-ca59d11f2595,19f068ab5826fed2,,,
Maple IT Services,MAP-2102,2026-03-21,2026-04-05,CAD,6000.26,780.03,6780.29,Net 15,Two line items: catering platter (4 units) and toner cartridge (1 unit),Duplicate invoice - already processed,Pending Approval,TRUE,ayodejiyekeen01@gmail.com,Invoice — inv_7ad759f9.pdf [uid:7ad759f9-381d-4cf6-acb8-1b26110a484d],inv_7ad759f9.pdf,mistral-document-annotation,1,57,2026-06-27T00:46:11.000Z,239535,Monday,2026-06-29T19:18:25.867Z,7ad759f9-381d-4cf6-acb8-1b26110a484d,19f068a95b0fa332,,,
Lakeside Logistics,LAK-2101,2026-06-25,2026-08-09,CAD,4168.26,541.87,4710.13,Net 15,"Purchase of 6 toner cartridges, 6 stationery sets, and 6 cases of printer paper.",None,Pending Approval,TRUE,ayodejiyekeen01@gmail.com,Invoice — inv_e6f8a816.pdf [uid:e6f8a816-f604-46e2-a963-dcd407458ed0],inv_e6f8a816.pdf,mistral-document-annotation,1,57,2026-06-27T00:46:05.000Z,239544,Monday,2026-06-29T19:18:29.147Z,e6f8a816-f604-46e2-a963-dcd407458ed0,19f068a817836878,,,
Maple IT Services,MAP-2100,2026-03-25,2026-05-09,CAD,4649.56,604.44,5254,Net 15,"Monthly retainer, stationery, toner cartridges, and printer paper purchased for office use.",None,Pending Approval,TRUE,ayodejiyekeen01@gmail.com,Invoice — inv_3945ea53.pdf [uid:3945ea53-6a0f-4e9a-b605-07a759763c8c],inv_3945ea53.pdf,mistral-document-annotation,1,57,2026-06-27T00:46:00.000Z,239552,Monday,2026-06-29T19:18:32.459Z,3945ea53-6a0f-4e9a-b605-07a759763c8c,19f068a6a98b5d36,,,
Lakeside Logistics,,2026-06-07,2026-06-22,CAD,1141.04,148.34,1289.38,Net 45,3 catering platters and 4 monthly retainers with 13% tax applied.,Missing invoice number,Pending Approval,TRUE,ayodejiyekeen01@gmail.com,Invoice — inv_9f249fa0.pdf [uid:9f249fa0-35d2-4532-baa7-26e1f25154a4],inv_9f249fa0.pdf,mistral-document-annotation,1,57,2026-06-27T00:45:54.000Z,239562,Monday,2026-06-29T19:18:35.750Z,9f249fa0-35d2-4532-baa7-26e1f25154a4,19f068a5402e11c7,,,
QuickPrint Studio,QUI-2098,2026-06-19,2026-07-19,USD,239.53,31.14,270.67,Due on receipt,Consulting hours and printer paper supplies totaling $239.53 plus $31.14 tax.,None,Auto-Approved,FALSE,ayodejiyekeen01@gmail.com,Invoice — inv_09e243cb.pdf [uid:09e243cb-d57d-422f-8719-02e1032bc4e9],inv_09e243cb.pdf,mistral-document-annotation,1,57,2026-06-27T00:45:48.000Z,239571,Monday,2026-06-29T19:18:39.452Z,09e243cb-d57d-422f-8719-02e1032bc4e9,19f068a3f59d6814,,,
Lakeside Logistics,LAK-2097,2026-05-03,2026-05-18,CAD,2529.88,328.88,2858.76,Net 30,"Software licenses, monthly retainer, and server maintenance services.",None,Pending Approval,TRUE,ayodejiyekeen01@gmail.com,Invoice — inv_3f537535.pdf [uid:3f537535-19f4-4a9c-9520-076fcfe26e86],inv_3f537535.pdf,mistral-document-annotation,1,57,2026-06-27T00:45:42.000Z,239581,Monday,2026-06-29T19:18:42.643Z,3f537535-19f4-4a9c-9520-076fcfe26e86,19f068a282954c30,,,
Northstar Office Supply,,2026-06-15,2026-07-15,CAD,432.48,56.22,488.7,Net 15,Purchase of 4 software licenses totaling CAD $432.48 plus CAD $56.22 tax.,Invoice number looks invalid (possible OCR/reference mismatch); Missing invoice number,Pending Approval,TRUE,ayodejiyekeen01@gmail.com,Invoice — inv_be6de2a7.pdf [uid:be6de2a7-af1e-48bf-a8dd-84bb943f87dc],inv_be6de2a7.pdf,mistral-document-annotation,1,57,2026-06-27T00:45:36.000Z,239590,Monday,2026-06-29T19:18:46.455Z,be6de2a7-af1e-48bf-a8dd-84bb943f87dc,19f068a157c7154e,,,
Northstar Office Supply,NOR-2095,2026-06-02,2026-07-17,CAD,152.9,19.88,172.78,Net 45,"Freight charges, server maintenance, and toner cartridges purchased.",None,Auto-Approved,FALSE,ayodejiyekeen01@gmail.com,Invoice — inv_942bd990.pdf [uid:942bd990-660d-4936-b834-afd0daade60c],inv_942bd990.pdf,mistral-document-annotation,1,57,2026-06-27T00:45:31.000Z,239599,Monday,2026-06-29T19:18:50.131Z,942bd990-660d-4936-b834-afd0daade60c,19f0689fa3063e52,,,
Cedar Facilities Co,,2026-04-04,2026-05-04,CAD,1272.56,165.43,1437.99,Net 30,"Freight charges, toner cartridge, and courier delivery services totaling 3 line items.",Missing invoice number,Pending Approval,TRUE,ayodejiyekeen01@gmail.com,Invoice — inv_8f0c87ae.pdf [uid:8f0c87ae-a262-4d1d-abb6-54085d24a128],inv_8f0c87ae.pdf,mistral-document-annotation,1,57,2026-06-27T00:45:25.000Z,239608,Monday,2026-06-29T19:18:53.391Z,8f0c87ae-a262-4d1d-abb6-54085d24a128,19f0689e1486b168,,,
QuickPrint Studio,QUI-2093,2026-03-08,2026-04-22,USD,641.11,83.34,724.45,Net 15,"Purchase of printer paper, design revisions, and stationery sets with sales tax applied.",None,Auto-Approved,FALSE,ayodejiyekeen01@gmail.com,Invoice — inv_7dff134e.pdf [uid:7dff134e-35c4-4ba1-9b7a-9a2037cb1e06],inv_7dff134e.pdf,mistral-document-annotation,1,57,2026-06-27T00:45:19.000Z,239618,Monday,2026-06-29T19:18:56.612Z,7dff134e-35c4-4ba1-9b7a-9a2037cb1e06,19f0689ce1cbde5b,,,
Maple IT Services,MAP-2092,2026-05-02,2026-05-17,CAD,2669.26,347,3468.7,Due on receipt,"Single line item for cleaning service totaling $2,669.26 plus $347.00 tax.",Math check failed: subtotal+tax (3016.26) != total (3468.70),Pending Approval,TRUE,ayodejiyekeen01@gmail.com,Invoice — inv_68537557.pdf [uid:68537557-ee50-44e0-8eb3-8ff4c348104d],inv_68537557.pdf,mistral-document-annotation,1,57,2026-06-27T00:45:13.000Z,239627,Monday,2026-06-29T19:18:59.832Z,68537557-ee50-44e0-8eb3-8ff4c348104d,19f0689b3c514eaa,,,
Northstar Office Supply,NOR-2091,2026-05-21,2026-06-20,CAD,293.9,38.21,332.11,Net 45,"Freight charge, printer paper, and software licenses totaling 3 line items.",None,Auto-Approved,FALSE,ayodejiyekeen01@gmail.com,Invoice — inv_34ecae4b.pdf [uid:34ecae4b-deff-43bf-8304-83cbbd787dcb],inv_34ecae4b.pdf,mistral-document-annotation,1,57,2026-06-27T00:45:07.000Z,239637,Monday,2026-06-29T19:19:03.576Z,34ecae4b-deff-43bf-8304-83cbbd787dcb,19f06899cb45832f,,,
Maple IT Services,MAP-2090,2026-05-19,2026-06-18,CAD,4726.16,614.4,5340.56,Due on receipt,"Software licenses, courier delivery, catering platter, and design revisions billed at varying unit rates.",None,Pending Approval,TRUE,ayodejiyekeen01@gmail.com,Invoice — inv_f0dd4593.pdf [uid:f0dd4593-4ff3-4ad8-987d-c87d733ce366],inv_f0dd4593.pdf,mistral-document-annotation,1,57,2026-06-27T00:45:01.000Z,239646,Monday,2026-06-29T19:19:06.812Z,f0dd4593-4ff3-4ad8-987d-c87d733ce366,19f068985091f3cd,,,
Lakeside Logistics,LAK-2089,2026-01-18,2026-02-17,CAD,2216.96,288.2,2505.16,Net 15,"Purchase of 3 toner cartridges, 6 monthly retainers, and 1 design revision.",None,Pending Approval,TRUE,ayodejiyekeen01@gmail.com,Invoice — inv_ac5bfd7e.pdf [uid:ac5bfd7e-6c39-4855-913e-a50fa2cd2030],inv_ac5bfd7e.pdf,mistral-document-annotation,1,57,2026-06-27T00:44:55.000Z,239655,Monday,2026-06-29T19:19:10.089Z,ac5bfd7e-6c39-4855-913e-a50fa2cd2030,19f06896dd632dac,,,
Maple IT Services,,2026-01-12,2026-01-27,USD,3377.77,439.11,3816.88,Net 30,Purchase of 5 toner cartridges and 4 server maintenance services with sales tax applied.,Invoice number looks invalid (possible OCR/reference mismatch); Missing invoice number,Pending Approval,TRUE,ayodejiyekeen01@gmail.com,Invoice — inv_867425be.pdf [uid:867425be-2dc2-42d5-9f3c-6536e8489f8b],inv_867425be.pdf,mistral-document-annotation,1,57,2026-06-27T00:44:49.000Z,239664,Monday,2026-06-29T19:19:13.375Z,867425be-2dc2-42d5-9f3c-6536e8489f8b,19f06895a89beeb2,,,
Bluebird Marketing,BLU-2087,2026-02-20,2026-04-06,CAD,4960.68,644.89,5605.57,Net 45,"Design revision services (6 revisions) totaling CAD $4,960.68 plus CAD $644.89 tax.",None,Pending Approval,TRUE,ayodejiyekeen01@gmail.com,Invoice — inv_18471402.pdf [uid:18471402-08d8-4383-be47-367dae573a89],inv_18471402.pdf,mistral-document-annotation,1,57,2026-06-27T00:44:44.000Z,239674,Monday,2026-06-29T19:19:18.006Z,18471402-08d8-4383-be47-367dae573a89,19f068940214b8fc,,,
QuickPrint Studio,QUI-2086,2026-05-27,2026-06-26,CAD,400.54,52.07,452.61,Net 45,Purchase of printer paper and courier delivery services,None,Auto-Approved,FALSE,ayodejiyekeen01@gmail.com,Invoice — inv_f4d49a51.pdf [uid:f4d49a51-fa18-4386-96e8-a5e0af83d238],inv_f4d49a51.pdf,mistral-document-annotation,1,57,2026-06-27T00:44:38.000Z,239683,Monday,2026-06-29T19:19:21.255Z,f4d49a51-fa18-4386-96e8-a5e0af83d238,19f06892a376d1f3,,,
Bluebird Marketing,BLU-2085,2026-04-20,2026-05-20,CAD,673.95,87.61,822.48,Due on receipt,5 design revisions billed at $134.79 each with 13% tax,Math check failed: subtotal+tax (761.56) != total (822.48),Pending Approval,TRUE,ayodejiyekeen01@gmail.com,Invoice — inv_a2c32722.pdf [uid:a2c32722-e0ad-4e56-87ad-2103e5c3eaca],inv_a2c32722.pdf,mistral-document-annotation,1,57,2026-06-27T00:44:32.000Z,239693,Monday,2026-06-29T19:19:24.604Z,a2c32722-e0ad-4e56-87ad-2103e5c3eaca,19f068913d7d513a,,,
Maple IT Services,MAP-2084,2026-01-28,2026-02-12,CAD,3089.35,401.62,3490.97,Net 15,"Five line items including cleaning services, catering, retainers, and software licenses.",None,Pending Approval,TRUE,ayodejiyekeen01@gmail.com,Invoice — inv_75cbe9e6.pdf [uid:75cbe9e6-469b-4335-aab2-c0d2f89ac90e],inv_75cbe9e6.pdf,mistral-document-annotation,1,57,2026-06-27T00:44:26.000Z,239702,Monday,2026-06-29T19:19:27.812Z,75cbe9e6-469b-4335-aab2-c0d2f89ac90e,19f0688fd3ff2f81,,,
Northstar Office Supply,NOR-2083,2026-02-03,2026-03-05,USD,671.89,87.35,759.24,Net 30,"Office supplies, cleaning services, and courier deliveries totaling $759.24 including tax.",None,Auto-Approved,FALSE,ayodejiyekeen01@gmail.com,Invoice — inv_ea285e86.pdf [uid:ea285e86-2604-481a-99e1-719bdf8b758a],inv_ea285e86.pdf,mistral-document-annotation,1,57,2026-06-27T00:44:20.000Z,239711,Monday,2026-06-29T19:19:31.104Z,ea285e86-2604-481a-99e1-719bdf8b758a,19f0688e5e1681fb,,,
Bluebird Marketing,BLU-2082,2026-04-28,2026-05-13,CAD,8172.5,1062.42,8311.43,Net 45,"6 software licenses at $378.25, 4 at $287.84, and 6 cleaning services at $791.94.",Math check failed: subtotal+tax (9234.92) != total (8311.43),Pending Approval,TRUE,ayodejiyekeen01@gmail.com,Invoice — inv_dd7f3fa4.pdf [uid:dd7f3fa4-4971-49fb-9957-699cd02ce928],inv_dd7f3fa4.pdf,mistral-document-annotation,1,57,2026-06-27T00:44:15.000Z,239720,Monday,2026-06-29T19:19:35.230Z,dd7f3fa4-4971-49fb-9957-699cd02ce928,19f0688d1b010a90,,,
Northstar Office Supply,NOR-2081,2026-04-07,2026-04-22,CAD,386.42,50.23,436.65,Net 30,"Consulting hours, stationery sets, and software licenses totaling 268.86 CAD, 32.00 CAD, and 85.56 CAD respectively.",None,Auto-Approved,FALSE,ayodejiyekeen01@gmail.com,Invoice — inv_4182598a.pdf [uid:4182598a-eb4c-4cef-b8ce-b166ff464bd5],inv_4182598a.pdf,mistral-document-annotation,1,57,2026-06-27T00:44:09.000Z,239729,Monday,2026-06-29T19:19:38.478Z,4182598a-eb4c-4cef-b8ce-b166ff464bd5,19f0688b6887f4ea,,,
Cedar Facilities Co,CED-2080,2026-02-07,2026-02-22,CAD,2503.78,325.49,2829.27,Net 30,Purchase of 5 toner cartridges and 2 months of retainer services.,None,Pending Approval,TRUE,ayodejiyekeen01@gmail.com,Invoice — inv_83d8f6e4.pdf [uid:83d8f6e4-9fd4-40ff-a558-0f85dd7c8892],inv_83d8f6e4.pdf,mistral-document-annotation,1,57,2026-06-27T00:44:03.000Z,239739,Monday,2026-06-29T19:19:41.739Z,83d8f6e4-9fd4-40ff-a558-0f85dd7c8892,19f0688a4946610d,,,
Trillium Catering,,2026-03-30,2026-04-29,CAD,448.85,58.35,507.2,Net 15,Purchase of 5 cases of printer paper and associated freight charges,Invoice number looks invalid (possible OCR/reference mismatch); Missing invoice number,Pending Approval,TRUE,ayodejiyekeen01@gmail.com,Invoice — inv_5d47bb72.pdf [uid:5d47bb72-690f-4daf-bd86-479f26600356],inv_5d47bb72.pdf,mistral-document-annotation,1,57,2026-06-27T00:43:57.000Z,239748,Monday,2026-06-29T19:19:44.953Z,5d47bb72-690f-4daf-bd86-479f26600356,19f06888af16e7b5,,,
Northstar Office Supply,NOR-2078,2026-06-06,2026-06-21,CAD,329.77,42.87,372.64,Net 45,"Courier delivery, freight charge, and software license fees totaling CAD 329.77 before tax.",None,Auto-Approved,FALSE,ayodejiyekeen01@gmail.com,Invoice — inv_a6f68815.pdf [uid:a6f68815-bfd8-41d5-a538-698f01cecf21],inv_a6f68815.pdf,mistral-document-annotation,1,57,2026-06-27T00:43:51.000Z,239757,Monday,2026-06-29T19:19:48.392Z,a6f68815-bfd8-41d5-a538-698f01cecf21,19f068873225ce65,,,
Maple IT Services,MAP-2077,2026-04-09,2026-05-09,CAD,3290.88,427.81,3718.69,Net 30,"Design revisions, server maintenance, software licenses, and consulting hours billed.",None,Pending Approval,TRUE,ayodejiyekeen01@gmail.com,Invoice — inv_32c06f9c.pdf [uid:32c06f9c-9509-4b12-802c-99d7207e6073],inv_32c06f9c.pdf,mistral-document-annotation,1,57,2026-06-27T00:43:45.000Z,239767,Monday,2026-06-29T19:19:51.705Z,32c06f9c-9509-4b12-802c-99d7207e6073,19f06885c0558ee5,,,
Cedar Facilities Co,CED-2076,2026-01-29,2026-02-28,USD,1204.23,156.55,1469.64,Net 30,"Server maintenance (4 units), printer paper (2 cases), and software license (1 unit)",Math check failed: subtotal+tax (1360.78) != total (1469.64),Pending Approval,TRUE,ayodejiyekeen01@gmail.com,Invoice — inv_bf035e1e.pdf [uid:bf035e1e-032e-47a9-aaa6-b6d9667f69df],inv_bf035e1e.pdf,mistral-document-annotation,1,57,2026-06-27T00:43:40.000Z,239775,Monday,2026-06-29T19:19:54.910Z,bf035e1e-032e-47a9-aaa6-b6d9667f69df,19f068846ed6b012,,,
Maple IT Services,MAP-2075,2026-05-28,2026-06-27,CAD,5643.12,733.61,7333.24,Net 30,"Design revisions, printer paper, and freight charges totaling 4 line items.",Math check failed: subtotal+tax (6376.73) != total (7333.24),Pending Approval,TRUE,ayodejiyekeen01@gmail.com,Invoice — inv_c2b6dd58.pdf [uid:c2b6dd58-453a-49f7-a695-3b85cb3237a9],inv_c2b6dd58.pdf,mistral-document-annotation,1,57,2026-06-27T00:43:33.000Z,239785,Monday,2026-06-29T19:19:58.175Z,c2b6dd58-453a-49f7-a695-3b85cb3237a9,19f06883146720b8,,,
Bluebird Marketing,BLU-2074,2026-01-28,2026-03-14,USD,1350.84,175.61,1526.45,Net 15,Server maintenance (6 units) and courier delivery (3 units) with sales tax applied.,None,Pending Approval,TRUE,ayodejiyekeen01@gmail.com,Invoice — inv_a7af6186.pdf [uid:a7af6186-1718-4ab1-93d7-7182df567ef7],inv_a7af6186.pdf,mistral-document-annotation,1,57,2026-06-27T00:43:28.000Z,239794,Monday,2026-06-29T19:20:02.218Z,a7af6186-1718-4ab1-93d7-7182df567ef7,19f06881727b6913,,,
Northstar Office Supply,NOR-2073,2026-04-01,2026-04-16,CAD,593.65,77.17,670.82,Net 15,"Courier delivery, monthly retainer, and software license charges totaling 5 line items.",None,Auto-Approved,FALSE,ayodejiyekeen01@gmail.com,Invoice — inv_a898be62.pdf [uid:a898be62-1740-41a5-bfd8-2b89d808c28a],inv_a898be62.pdf,mistral-document-annotation,1,57,2026-06-27T00:43:22.000Z,239804,Monday,2026-06-29T19:20:05.539Z,a898be62-1740-41a5-bfd8-2b89d808c28a,19f068801bb3e72f,,,
Bluebird Marketing,,2026-03-21,2026-04-20,CAD,3832.5,498.23,4330.73,Net 30,"3 design revisions billed at 1,277.50 CAD each",Missing invoice number,Pending Approval,TRUE,ayodejiyekeen01@gmail.com,Invoice — inv_f1a1b630.pdf [uid:f1a1b630-4ced-44b7-8643-badb789819ee],inv_f1a1b630.pdf,mistral-document-annotation,1,57,2026-06-27T00:43:16.000Z,239813,Monday,2026-06-29T19:20:08.933Z,f1a1b630-4ced-44b7-8643-badb789819ee,19f0687eafcd3285,,,
Cedar Facilities Co,CED-2071,2026-06-22,2026-07-22,CAD,1361.14,176.95,1538.09,Net 15,"Freight charges, catering platters, and server maintenance services billed.",None,Pending Approval,TRUE,ayodejiyekeen01@gmail.com,Invoice — inv_5daccbce.pdf [uid:5daccbce-87cc-42a0-ae9a-ab661e778106],inv_5daccbce.pdf,mistral-document-annotation,1,57,2026-06-27T00:43:10.000Z,239822,Monday,2026-06-29T19:20:12.117Z,5daccbce-87cc-42a0-ae9a-ab661e778106,19f0687d401010a0,,,
Lakeside Logistics,LAK-2070,2026-01-10,2026-02-24,USD,1195.94,155.47,1351.41,Net 15,"Freight charges, cleaning services, and catering platters billed at 4, 5, and 5 units respectively.",None,Pending Approval,TRUE,ayodejiyekeen01@gmail.com,Invoice — inv_da72e3e9.pdf [uid:da72e3e9-8662-468a-be0c-841946b27efb],inv_da72e3e9.pdf,mistral-document-annotation,1,57,2026-06-27T00:43:04.000Z,239831,Monday,2026-06-29T19:20:15.332Z,da72e3e9-8662-468a-be0c-841946b27efb,19f0687c030b36b5,,,
Lakeside Logistics,LAK-2069,2026-06-04,2026-07-04,CAD,1973.22,256.52,2229.74,Due on receipt,"Software license for 3 units totaling CAD $1,973.22 plus CAD $256.52 tax.",None,Pending Approval,TRUE,ayodejiyekeen01@gmail.com,Invoice — inv_bad04599.pdf [uid:bad04599-5e52-4538-8a6f-91cb5d14da1a],inv_bad04599.pdf,mistral-document-annotation,1,57,2026-06-27T00:42:59.000Z,239841,Monday,2026-06-29T19:20:19.679Z,bad04599-5e52-4538-8a6f-91cb5d14da1a,19f0687a56b612ec,,,
QuickPrint Studio,QUI-2068,2026-03-11,2026-03-26,CAD,446.29,58.02,579.96,Due on receipt,Software licenses (5) and toner cartridges (2) purchased,Math check failed: subtotal+tax (504.31) != total (579.96),Pending Approval,TRUE,ayodejiyekeen01@gmail.com,Invoice — inv_5d595678.pdf [uid:5d595678-c7a8-4f43-9a8b-fce7ac75db5f],inv_5d595678.pdf,mistral-document-annotation,1,57,2026-06-27T00:42:53.000Z,239850,Monday,2026-06-29T19:20:22.853Z,5d595678-c7a8-4f43-9a8b-fce7ac75db5f,19f06878ed050968,,,
Northstar Office Supply,NOR-2067,2026-06-28,2026-07-28,USD,461.94,60.05,521.99,Net 15,"Consulting hours, catering platters, and cleaning services billed with sales tax.",None,Auto-Approved,FALSE,ayodejiyekeen01@gmail.com,Invoice — inv_88fa933b.pdf [uid:88fa933b-d549-4a83-8517-a8283f90ba80],inv_88fa933b.pdf,mistral-document-annotation,1,57,2026-06-27T00:42:47.000Z,239861,Monday,2026-06-29T19:20:28.088Z,88fa933b-d549-4a83-8517-a8283f90ba80,19f06877a5a662e9,,,
QuickPrint Studio,,2026-04-26,2026-05-11,USD,926.33,120.42,1046.75,Net 15,Server maintenance (6 units) and one stationery set,Invoice number looks invalid (possible OCR/reference mismatch); Missing invoice number,Pending Approval,TRUE,ayodejiyekeen01@gmail.com,Invoice — inv_78f26f64.pdf [uid:78f26f64-6f58-4db9-921b-de4d26f3ca50],inv_78f26f64.pdf,mistral-document-annotation,1,57,2026-06-27T00:42:41.000Z,239870,Monday,2026-06-29T19:20:31.262Z,78f26f64-6f58-4db9-921b-de4d26f3ca50,19f068760d3d1631,,,
Bluebird Marketing,BLU-2057,2026-05-21,2026-07-05,CAD,6236.04,810.69,7046.73,Due on receipt,"Server maintenance, monthly retainer, design revisions, and catering platter services billed.",None,Pending Approval,TRUE,ayodejiyekeen01@gmail.com,Invoice — inv_034bb24c.pdf [uid:034bb24c-a0d5-4415-bde2-68e91c6efcf3],inv_034bb24c.pdf,mistral-document-annotation,1,57,2026-06-27T00:42:35.000Z,239880,Monday,2026-06-29T19:20:35.373Z,034bb24c-a0d5-4415-bde2-68e91c6efcf3,19f06874cc58e100,,,
Trillium Catering,TRI-2064,2026-04-27,2026-05-12,CAD,777.64,101.09,878.73,Due on receipt,Software license and catering platter with 13% tax applied,None,Auto-Approved,FALSE,ayodejiyekeen01@gmail.com,Invoice — inv_a8693555.pdf [uid:a8693555-0852-45ea-8149-dd9294c07304],inv_a8693555.pdf,mistral-document-annotation,1,57,2026-06-27T00:42:29.000Z,239890,Monday,2026-06-29T19:20:38.577Z,a8693555-0852-45ea-8149-dd9294c07304,19f068736b225d18,,,
Trillium Catering,TRI-2063,2026-03-27,2026-05-11,CAD,434.31,56.46,490.77,Due on receipt,Purchase of stationery sets and cleaning service,None,Auto-Approved,FALSE,ayodejiyekeen01@gmail.com,Invoice — inv_5c181619.pdf [uid:5c181619-d01a-4be9-bf39-758cd4601a74],inv_5c181619.pdf,mistral-document-annotation,1,57,2026-06-27T00:42:23.000Z,239899,Monday,2026-06-29T19:20:42.340Z,5c181619-d01a-4be9-bf39-758cd4601a74,19f06871cb63dc91,,,
Maple IT Services,MAP-2062,2026-05-22,2026-07-06,CAD,4454,579.02,5033.02,Due on receipt,"Five catering platters, three stationery sets, five design revisions, and four toner cartridges purchased.",None,Pending Approval,TRUE,ayodejiyekeen01@gmail.com,Invoice — inv_24868207.pdf [uid:24868207-a1f0-4231-aa62-fd48dbf8ff87],inv_24868207.pdf,mistral-document-annotation,1,57,2026-06-27T00:42:18.000Z,239908,Monday,2026-06-29T19:20:45.780Z,24868207-a1f0-4231-aa62-fd48dbf8ff87,19f068707d687a51,,,
Trillium Catering,TRI-2061,2026-05-26,2026-06-25,CAD,912.12,118.58,1030.7,Net 30,"Courier delivery, monthly retainer, and freight charges for 6, 4, and 4 units respectively.",None,Pending Approval,TRUE,ayodejiyekeen01@gmail.com,Invoice — inv_8e3aded9.pdf [uid:8e3aded9-bc48-40e6-af27-2abf639ae74b],inv_8e3aded9.pdf,mistral-document-annotation,1,57,2026-06-27T00:42:12.000Z,239917,Monday,2026-06-29T19:20:49.050Z,8e3aded9-bc48-40e6-af27-2abf639ae74b,19f0686f233a9037,,,
Cedar Facilities Co,CED-2055,2026-02-03,2026-03-20,USD,711.15,92.45,803.6,Net 30,"Purchase of printer paper, server maintenance, monthly retainer, and consulting hours.",None,Auto-Approved,FALSE,ayodejiyekeen01@gmail.com,Invoice — inv_a93ca561.pdf [uid:a93ca561-a305-4596-8074-35e02ab424c9],inv_a93ca561.pdf,mistral-document-annotation,1,57,2026-06-27T00:42:06.000Z,239926,Monday,2026-06-29T19:20:52.332Z,a93ca561-a305-4596-8074-35e02ab424c9,19f0686da863f1f7,,,
Maple IT Services,MAP-2059,2026-02-26,2026-03-28,CAD,1356.91,176.4,1533.31,Net 45,"Courier deliveries, server maintenance, and design revisions billed at varying quantities.",None,Pending Approval,TRUE,ayodejiyekeen01@gmail.com,Invoice — inv_20bfd718.pdf [uid:20bfd718-d03b-42c9-8877-b28a230b7b7d],inv_20bfd718.pdf,mistral-document-annotation,1,57,2026-06-27T00:42:00.000Z,239936,Monday,2026-06-29T19:20:55.624Z,20bfd718-d03b-42c9-8877-b28a230b7b7d,19f0686c5222de15,,,
Lakeside Logistics,LAK-2058,2026-05-25,2026-07-09,CAD,3629.83,471.88,4101.71,Net 45,"Five line items including catering, server maintenance, stationery, and a monthly retainer.",None,Pending Approval,TRUE,ayodejiyekeen01@gmail.com,Invoice — inv_807156fd.pdf [uid:807156fd-181b-43a5-8c27-547ba0622b80],inv_807156fd.pdf,mistral-document-annotation,1,57,2026-06-27T00:41:55.000Z,239944,Monday,2026-06-29T19:20:59.190Z,807156fd-181b-43a5-8c27-547ba0622b80,19f0686adf05014a,,,
Bluebird Marketing,BLU-2057,2026-06-03,2026-07-18,CAD,8398.1,1091.75,9489.85,Due on receipt,Software licenses and server maintenance services totaling 5 units and 4 units respectively.,Duplicate invoice - already processed,Pending Approval,TRUE,ayodejiyekeen01@gmail.com,Invoice — inv_46366170.pdf [uid:46366170-7e3c-4aa1-8928-95e88972521b],inv_46366170.pdf,mistral-document-annotation,1,57,2026-06-27T00:41:49.000Z,239954,Monday,2026-06-29T19:21:03.252Z,46366170-7e3c-4aa1-8928-95e88972521b,19f0686964573b96,,,
Trillium Catering,TRI-2051,2026-06-01,2026-06-16,CAD,454.94,59.14,514.08,Net 45,"Software license, design revisions, and consulting hours billed at varying rates.",None,Auto-Approved,FALSE,ayodejiyekeen01@gmail.com,Invoice — inv_ed0c6351.pdf [uid:ed0c6351-4eb3-4ebe-95e7-45982d074e3e],inv_ed0c6351.pdf,mistral-document-annotation,1,57,2026-06-27T00:41:43.000Z,239964,Monday,2026-06-29T19:21:06.601Z,ed0c6351-4eb3-4ebe-95e7-45982d074e3e,19f06867eb9d0161,,,
Cedar Facilities Co,CED-2055,2026-03-19,2026-05-03,USD,400.49,52.06,452.55,Net 45,Purchase of printer paper (1 case) and toner cartridges (3 units) with sales tax applied.,Duplicate invoice - already processed,Pending Approval,TRUE,ayodejiyekeen01@gmail.com,Invoice — inv_9bc505c6.pdf [uid:9bc505c6-e520-4e8e-a29e-e476600086be],inv_9bc505c6.pdf,mistral-document-annotation,1,57,2026-06-27T00:41:37.000Z,239973,Monday,2026-06-29T19:21:09.978Z,9bc505c6-e520-4e8e-a29e-e476600086be,19f068668553320a,,,
Northstar Office Supply,NOR-2054,2026-02-24,2026-04-10,CAD,173.46,22.55,196.01,Net 30,"Purchased 3 stationery sets, 2 server maintenance services, and a 6-month retainer.",None,Auto-Approved,FALSE,ayodejiyekeen01@gmail.com,Invoice — inv_85c71ffc.pdf [uid:85c71ffc-c186-4c84-8e46-176305e7c986],inv_85c71ffc.pdf,mistral-document-annotation,1,57,2026-06-27T00:41:31.000Z,239982,Monday,2026-06-29T19:21:13.266Z,85c71ffc-c186-4c84-8e46-176305e7c986,19f0686520bdcb6d,,,
Maple IT Services,MAP-2053,2026-04-19,2026-06-03,CAD,2909,378.17,3287.17,Due on receipt,"Purchase of one toner cartridge for CAD $2,909.00 plus CAD $378.17 tax.",None,Pending Approval,TRUE,ayodejiyekeen01@gmail.com,Invoice — inv_eef0402f.pdf [uid:eef0402f-1bb0-4ba4-9651-fe3bd7c546f4],inv_eef0402f.pdf,mistral-document-annotation,1,57,2026-06-27T00:41:26.000Z,239991,Monday,2026-06-29T19:21:16.928Z,eef0402f-1bb0-4ba4-9651-fe3bd7c546f4,19f06863adeeb476,,,
Bluebird Marketing,BLU-2052,2026-06-14,2026-07-14,CAD,9487.21,1233.34,10720.55,Net 15,"Software licenses, monthly retainers, and design revisions billed at varying rates.",None,Pending Approval,TRUE,ayodejiyekeen01@gmail.com,Invoice — inv_04071152.pdf [uid:04071152-186d-498d-91d8-0e35f9af1119],inv_04071152.pdf,mistral-document-annotation,1,57,2026-06-27T00:41:20.000Z,240000,Monday,2026-06-29T19:21:20.151Z,04071152-186d-498d-91d8-0e35f9af1119,19f0686255c1a9b3,,,
Trillium Catering,TRI-2051,2026-03-09,2026-03-24,CAD,1045.38,135.9,1181.28,Due on receipt,"Four line items including printer paper, cleaning service, consulting hours, and toner cartridges.",Duplicate invoice - already processed,Pending Approval,TRUE,ayodejiyekeen01@gmail.com,Invoice — inv_3a6a834b.pdf [uid:3a6a834b-307e-4492-9c84-cb6fd985ef4c],inv_3a6a834b.pdf,mistral-document-annotation,1,57,2026-06-27T00:41:14.000Z,240009,Monday,2026-06-29T19:21:23.400Z,3a6a834b-307e-4492-9c84-cb6fd985ef4c,19f068610f2fbfbe,,,
QuickPrint Studio,QUI-2050,2026-04-27,2026-05-27,CAD,295.25,38.38,333.63,Net 15,Charges for server maintenance (4 units) and one case of printer paper.,None,Auto-Approved,FALSE,ayodejiyekeen01@gmail.com,Invoice — inv_0a497cb8.pdf [uid:0a497cb8-01c5-4fe9-99ec-36006a43e3d1],inv_0a497cb8.pdf,mistral-document-annotation,1,57,2026-06-27T00:41:08.000Z,240019,Monday,2026-06-29T19:21:27.127Z,0a497cb8-01c5-4fe9-99ec-36006a43e3d1,19f0685f9720f559,,,
Northstar Office Supply,NOR-2049,2026-05-21,2026-06-20,CAD,764.71,99.41,864.12,Net 15,"Monthly retainer, design revisions, and freight charges totaling 6 line items.",None,Auto-Approved,FALSE,ayodejiyekeen01@gmail.com,Invoice — inv_52656d3d.pdf [uid:52656d3d-e22b-4a4d-b4a7-cbb053a869a2],inv_52656d3d.pdf,mistral-document-annotation,1,57,2026-06-27T00:41:02.000Z,240028,Monday,2026-06-29T19:21:30.367Z,52656d3d-e22b-4a4d-b4a7-cbb053a869a2,19f0685df03dac0e,,,
Lakeside Logistics,,2026-03-26,2026-04-10,CAD,1218.09,158.35,1376.44,Net 30,"Three line items including cleaning service, software license, and monthly retainer.",Invoice number looks invalid (possible OCR/reference mismatch); Missing invoice number,Pending Approval,TRUE,ayodejiyekeen01@gmail.com,Invoice — inv_b2347ab0.pdf [uid:b2347ab0-ceda-4def-8da7-fafcb17bcb7f],inv_b2347ab0.pdf,mistral-document-annotation,1,57,2026-06-27T00:40:57.000Z,240037,Monday,2026-06-29T19:21:33.619Z,b2347ab0-ceda-4def-8da7-fafcb17bcb7f,19f0685c83104dd4,,,
Maple IT Services,MAP-2047,2026-07-01,2026-07-31,USD,1735.91,225.67,1961.58,Net 45,"Software licenses, server maintenance, and freight charges for IT services.",None,Pending Approval,TRUE,ayodejiyekeen01@gmail.com,Invoice — inv_d83024d6.pdf [uid:d83024d6-916e-4154-ba64-380ea6c40ce7],inv_d83024d6.pdf,mistral-document-annotation,1,57,2026-06-27T00:40:51.000Z,240046,Monday,2026-06-29T19:21:36.888Z,d83024d6-916e-4154-ba64-380ea6c40ce7,19f0685b5292f471,,,
Northstar Office Supply,NOR-2046,2026-05-27,2026-06-11,CAD,515.22,66.98,582.2,Net 30,Purchase of 3 catering platters and 3 stationery sets with 13% tax applied.,None,Auto-Approved,FALSE,ayodejiyekeen01@gmail.com,Invoice — inv_9b771513.pdf [uid:9b771513-2938-4111-9807-967dc58571a3],inv_9b771513.pdf,mistral-document-annotation,1,57,2026-06-27T00:40:45.000Z,240055,Monday,2026-06-29T19:21:40.116Z,9b771513-2938-4111-9807-967dc58571a3,19f06859e2dae3b3,,,
Lakeside Logistics,LAK-2045,2026-06-10,2026-07-25,CAD,1500.71,195.09,1695.8,Due on receipt,"Two catering platters, three cases of printer paper, and five software licenses.",None,Pending Approval,TRUE,ayodejiyekeen01@gmail.com,Invoice — inv_3e4bc01f.pdf [uid:3e4bc01f-b4ae-4015-a773-f88e50131694],inv_3e4bc01f.pdf,mistral-document-annotation,1,57,2026-06-27T00:40:39.000Z,240064,Monday,2026-06-29T19:21:43.420Z,3e4bc01f-b4ae-4015-a773-f88e50131694,19f0685866ba8572,,,
Lakeside Logistics,LAK-2044,2026-05-02,2026-06-01,USD,2853.99,371.02,3225.01,Net 45,Purchase of printer paper and cleaning services with sales tax applied.,None,Pending Approval,TRUE,ayodejiyekeen01@gmail.com,Invoice — inv_970f8ffa.pdf [uid:970f8ffa-9e23-4305-bff1-fb72e0b95ceb],inv_970f8ffa.pdf,mistral-document-annotation,1,57,2026-06-27T00:40:33.000Z,240075,Monday,2026-06-29T19:21:47.528Z,970f8ffa-9e23-4305-bff1-fb72e0b95ceb,19f06856f017c469,,,
Trillium Catering,,2026-03-23,2026-04-07,CAD,152.05,19.77,171.82,Net 15,Purchase of 11 cases of printer paper (5 cases at $104.05 and 6 cases at $48.00),Missing invoice number,Pending Approval,TRUE,ayodejiyekeen01@gmail.com,Invoice — inv_b8af0479.pdf [uid:b8af0479-baeb-4288-8e86-6330fc3d98a9],inv_b8af0479.pdf,mistral-document-annotation,1,57,2026-06-27T00:40:27.000Z,240084,Monday,2026-06-29T19:21:50.730Z,b8af0479-baeb-4288-8e86-6330fc3d98a9,19f06855853b57f2,,,
Northstar Office Supply,NOR-2040,2026-02-01,2026-02-16,USD,590.85,76.81,667.66,Due on receipt,Purchase of 3 toner cartridges,None,Auto-Approved,FALSE,ayodejiyekeen01@gmail.com,Invoice — inv_4bb519c8.pdf [uid:4bb519c8-9c31-4215-a8c6-9e3e69a4af8a],inv_4bb519c8.pdf,mistral-document-annotation,1,57,2026-06-27T00:40:22.000Z,240092,Monday,2026-06-29T19:21:54.220Z,4bb519c8-9c31-4215-a8c6-9e3e69a4af8a,19f0685422ff530b,,,
Bluebird Marketing,BLU-2041,2026-02-03,2026-03-05,CAD,4120.58,535.68,4656.26,Net 45,Freight charge and two design revisions billed separately.,None,Pending Approval,TRUE,ayodejiyekeen01@gmail.com,Invoice — inv_0feca05e.pdf [uid:0feca05e-06d9-47ee-b861-b6b66a3a2f89],inv_0feca05e.pdf,mistral-document-annotation,1,57,2026-06-27T00:40:16.000Z,240102,Monday,2026-06-29T19:21:57.965Z,0feca05e-06d9-47ee-b861-b6b66a3a2f89,19f0685300eda842,,,
Northstar Office Supply,NOR-2040,2026-01-18,2026-02-17,CAD,529.23,68.8,598.03,Net 15,"Office supplies, software licenses, and monthly retainers totaling 5 line items.",Duplicate invoice - already processed,Pending Approval,TRUE,ayodejiyekeen01@gmail.com,Invoice — inv_138e8e08.pdf [uid:138e8e08-7b6d-400f-babb-34fb9fdf6f3f],inv_138e8e08.pdf,mistral-document-annotation,1,57,2026-06-27T00:40:10.000Z,240112,Monday,2026-06-29T19:22:01.598Z,138e8e08-7b6d-400f-babb-34fb9fdf6f3f,19f0685165c1735d,,,
Cedar Facilities Co,CED-2039,2026-01-26,2026-03-12,CAD,1193,155.09,1348.09,Due on receipt,Design revisions and consulting hours billed at respective unit rates.,None,Pending Approval,TRUE,ayodejiyekeen01@gmail.com,Invoice — inv_51220ff6.pdf [uid:51220ff6-507d-4034-aa45-661ef6490468],inv_51220ff6.pdf,mistral-document-annotation,1,57,2026-06-27T00:40:04.000Z,240121,Monday,2026-06-29T19:22:04.839Z,51220ff6-507d-4034-aa45-661ef6490468,19f0684fde2906c6,,,
Trillium Catering,TRI-2038,2026-04-14,2026-05-14,CAD,320.32,41.64,361.96,Due on receipt,"Cleaning service, design revisions, and software licenses billed at varying unit rates.",None,Auto-Approved,FALSE,ayodejiyekeen01@gmail.com,Invoice — inv_927e5896.pdf [uid:927e5896-09f2-41e7-8820-8a1d04b64105],inv_927e5896.pdf,mistral-document-annotation,1,57,2026-06-27T00:39:58.000Z,240131,Monday,2026-06-29T19:22:08.918Z,927e5896-09f2-41e7-8820-8a1d04b64105,19f0684e98e1ee77,,,
Northstar Office Supply,NOR-2037,2026-06-03,2026-06-18,USD,353.3,45.93,359.31,Due on receipt,"Purchase of stationery sets, cleaning services, and courier deliveries with applicable sales tax.",Math check failed: subtotal+tax (399.23) != total (359.31),Pending Approval,TRUE,ayodejiyekeen01@gmail.com,Invoice — inv_7f1befd9.pdf [uid:7f1befd9-5a75-414d-87c2-94db075c1d3a],inv_7f1befd9.pdf,mistral-document-annotation,1,57,2026-06-27T00:39:53.000Z,240139,Monday,2026-06-29T19:22:12.134Z,7f1befd9-5a75-414d-87c2-94db075c1d3a,19f0684d119fb777,,,
Cedar Facilities Co,CED-2036,2026-03-15,2026-04-14,CAD,947.24,123.14,1070.38,Net 15,"Monthly retainers, courier deliveries, and server maintenance services billed for two months.",None,Pending Approval,TRUE,ayodejiyekeen01@gmail.com,Invoice — inv_e35bc1e9.pdf [uid:e35bc1e9-7cbf-4302-af8c-2014474a7cf6],inv_e35bc1e9.pdf,mistral-document-annotation,1,57,2026-06-27T00:39:47.000Z,240148,Monday,2026-06-29T19:22:15.491Z,e35bc1e9-7cbf-4302-af8c-2014474a7cf6,19f0684b8e3c3895,,,
Northstar Office Supply,NOR-2035,2026-10-06,2026-07-25,CAD,511.11,66.44,664.18,Due on receipt,"Consulting hours, software licenses, and catering platter purchased.",Math check failed: subtotal+tax (577.55) != total (664.18),Pending Approval,TRUE,ayodejiyekeen01@gmail.com,Invoice — inv_be9e1356.pdf [uid:be9e1356-05af-4bd1-8398-0ecd817383ab],inv_be9e1356.pdf,mistral-document-annotation,1,57,2026-06-27T00:39:41.000Z,240159,Monday,2026-06-29T19:22:20.055Z,be9e1356-05af-4bd1-8398-0ecd817383ab,19f0684a1cf6df09,,,
Lakeside Logistics,LAK-2034,2026-06-30,2026-07-15,USD,1869.3,243.01,1901.08,Net 15,"Purchase of stationery sets and toner cartridges totaling $1,869.30 plus $243.01 tax.",Math check failed: subtotal+tax (2112.31) != total (1901.08),Pending Approval,TRUE,ayodejiyekeen01@gmail.com,Invoice — inv_913062fe.pdf [uid:913062fe-1aff-46d2-9e4c-4e30610986b8],inv_913062fe.pdf,mistral-document-annotation,1,57,2026-06-27T00:39:35.000Z,240168,Monday,2026-06-29T19:22:23.305Z,913062fe-1aff-46d2-9e4c-4e30610986b8,19f06848b8fb9cd6,,,
Bluebird Marketing,BLU-2033,2026-03-08,2026-04-22,USD,4356.37,566.33,4922.7,Net 15,Server maintenance (3 units) and consulting hours (1 unit) with sales tax applied.,None,Pending Approval,TRUE,ayodejiyekeen01@gmail.com,Invoice — inv_e879c8e7.pdf [uid:e879c8e7-3238-4e2b-abd6-ecd2f30c7df3],inv_e879c8e7.pdf,mistral-document-annotation,1,57,2026-06-27T00:39:30.000Z,240177,Monday,2026-06-29T19:22:26.589Z,e879c8e7-3238-4e2b-abd6-ecd2f30c7df3,19f068475c765852,,,
Maple IT Services,MAP-2032,2026-06-22,2026-07-07,CAD,1003.12,130.41,1133.53,Net 45,"Mixed services and supplies including design revisions, software licenses, freight, and stationery.",None,Pending Approval,TRUE,ayodejiyekeen01@gmail.com,Invoice — inv_4b88e486.pdf [uid:4b88e486-6c7a-4daa-870a-84b5b22e604d],inv_4b88e486.pdf,mistral-document-annotation,1,57,2026-06-27T00:39:24.000Z,240186,Monday,2026-06-29T19:22:29.970Z,4b88e486-6c7a-4daa-870a-84b5b22e604d,19f06845c4f26224,,,
QuickPrint Studio,QUI-2031,2026-06-11,2026-07-11,CAD,173.48,22.55,196.03,Net 15,Freight charges and stationery sets purchased in two separate quantities.,None,Auto-Approved,FALSE,ayodejiyekeen01@gmail.com,Invoice — inv_01a0f25a.pdf [uid:01a0f25a-0407-4740-925b-55aef753c553],inv_01a0f25a.pdf,mistral-document-annotation,1,57,2026-06-27T00:39:18.000Z,240196,Monday,2026-06-29T19:22:33.746Z,01a0f25a-0407-4740-925b-55aef753c553,19f068448e64a037,,,
QuickPrint Studio,QUI-2030,2026-05-14,2026-06-13,USD,303.72,39.48,343.2,Net 45,Stationery set (x3) for a total of $303.72 plus $39.48 tax,None,Auto-Approved,FALSE,ayodejiyekeen01@gmail.com,Invoice — inv_eb227e57.pdf [uid:eb227e57-9489-4111-bfe2-4229ab4b7bd8],inv_eb227e57.pdf,mistral-document-annotation,1,57,2026-06-27T00:39:12.000Z,240205,Monday,2026-06-29T19:22:37.144Z,eb227e57-9489-4111-bfe2-4229ab4b7bd8,19f068431fb086e9,,,
Bluebird Marketing,BLU-2029,2026-05-22,2026-06-21,CAD,5001.6,650.21,5651.81,Net 15,"Five cleaning services, two design revisions, and one monthly retainer.",None,Pending Approval,TRUE,ayodejiyekeen01@gmail.com,Invoice — inv_66a36e1a.pdf [uid:66a36e1a-59fa-40d9-b578-9fbf4aa8f4fb],inv_66a36e1a.pdf,mistral-document-annotation,1,57,2026-06-27T00:39:06.000Z,240214,Monday,2026-06-29T19:22:40.403Z,66a36e1a-59fa-40d9-b578-9fbf4aa8f4fb,19f06841a32c6470,,,
Trillium Catering,TRI-2028,2026-06-02,2026-07-02,CAD,648.3,84.28,732.58,Due on receipt,Monthly retainer billed twice.,None,Auto-Approved,FALSE,ayodejiyekeen01@gmail.com,Invoice — inv_343267b5.pdf [uid:343267b5-3c75-4cad-8d96-ca95c322039c],inv_343267b5.pdf,mistral-document-annotation,1,57,2026-06-27T00:39:00.000Z,240224,Monday,2026-06-29T19:22:43.624Z,343267b5-3c75-4cad-8d96-ca95c322039c,19f068405cf0d586,,,
Cedar Facilities Co,CED-2027,2026-01-22,2026-02-21,CAD,1170.01,152.1,1322.11,Due on receipt,"Freight charges, software licenses, and consulting hours billed with applicable tax.",None,Pending Approval,TRUE,ayodejiyekeen01@gmail.com,Invoice — inv_ae2e78be.pdf [uid:ae2e78be-f18d-4499-8ce7-e4dd3c10e250],inv_ae2e78be.pdf,mistral-document-annotation,1,57,2026-06-27T00:38:55.000Z,240232,Monday,2026-06-29T19:22:47.400Z,ae2e78be-f18d-4499-8ce7-e4dd3c10e250,19f0683f108a8fb0,,,
Maple IT Services,MAP-2026,2026-04-20,2026-05-20,CAD,6331.92,823.15,7155.07,Net 15,"Design revisions, toner cartridges, and consulting hours billed with sales tax.",None,Pending Approval,TRUE,ayodejiyekeen01@gmail.com,Invoice — inv_1ab452db.pdf [uid:1ab452db-97b0-460b-837a-de43dfe932f5],inv_1ab452db.pdf,mistral-document-annotation,1,57,2026-06-27T00:38:49.000Z,240242,Monday,2026-06-29T19:22:50.649Z,1ab452db-97b0-460b-837a-de43dfe932f5,19f0683d52067007,,,
Cedar Facilities Co,CED-2025,2026-01-15,2026-02-14,CAD,434.72,56.51,491.23,Net 30,Cleaning service and consulting hours billed at respective rates.,None,Auto-Approved,FALSE,ayodejiyekeen01@gmail.com,Invoice — inv_3add89a9.pdf [uid:3add89a9-2020-4d0a-be12-be41ee45dd9d],inv_3add89a9.pdf,mistral-document-annotation,1,57,2026-06-27T00:38:43.000Z,240252,Monday,2026-06-29T19:22:55.212Z,3add89a9-2020-4d0a-be12-be41ee45dd9d,19f0683bfe567707,,,
Lakeside Logistics,LAK-2024,2026-01-07,2026-01-22,CAD,1409.87,183.28,1593.15,Net 30,"Consulting hours, monthly retainer, and stationery set billed at varying quantities and rates.",None,Pending Approval,TRUE,ayodejiyekeen01@gmail.com,Invoice — inv_6ab1ad94.pdf [uid:6ab1ad94-a44d-43de-938d-db0b765f5476],inv_6ab1ad94.pdf,mistral-document-annotation,1,57,2026-06-27T00:38:37.000Z,240262,Monday,2026-06-29T19:22:58.516Z,6ab1ad94-a44d-43de-938d-db0b765f5476,19f0683ada725500,,,
Maple IT Services,MAP-2023,2026-05-10,2026-06-09,CAD,5100.74,663.1,6628.42,Net 15,Three stationery sets and five monthly retainers billed.,Math check failed: subtotal+tax (5763.84) != total (6628.42),Pending Approval,TRUE,ayodejiyekeen01@gmail.com,Invoice — inv_481199a1.pdf [uid:481199a1-2341-463e-802d-908e1d77f40f],inv_481199a1.pdf,mistral-document-annotation,1,57,2026-06-27T00:38:31.000Z,240271,Monday,2026-06-29T19:23:01.799Z,481199a1-2341-463e-802d-908e1d77f40f,19f06838f71d5a5f,,,
Lakeside Logistics,LAK-2022,2026-02-08,2026-03-10,CAD,2482.88,322.77,2805.65,Net 15,"Three line items including design revisions, courier delivery, and server maintenance.",None,Pending Approval,TRUE,ayodejiyekeen01@gmail.com,Invoice — inv_99443083.pdf [uid:99443083-bf49-450d-bdfa-8bcb265aa95e],inv_99443083.pdf,mistral-document-annotation,1,57,2026-06-27T00:38:25.000Z,240280,Monday,2026-06-29T19:23:05.482Z,99443083-bf49-450d-bdfa-8bcb265aa95e,19f06837c75e2d9e,,,
Lakeside Logistics,LAK-2021,2026-04-04,2026-04-19,CAD,2049.95,266.49,2316.44,Net 45,"Purchase of 5 cases of printer paper for CAD $2,049.95 plus CAD $266.49 tax.",None,Pending Approval,TRUE,ayodejiyekeen01@gmail.com,Invoice — inv_8e01d23c.pdf [uid:8e01d23c-74d8-4cc2-afbb-afdcccdf5c68],inv_8e01d23c.pdf,mistral-document-annotation,1,57,2026-06-27T00:38:19.000Z,240290,Monday,2026-06-29T19:23:08.721Z,8e01d23c-74d8-4cc2-afbb-afdcccdf5c68,19f068362a492f92,,,
QuickPrint Studio,QUI-2020,2026-06-19,2026-07-19,CAD,378.44,49.2,427.64,Net 15,"Mixed services and supplies including server maintenance, monthly retainer, and toner cartridges.",None,Auto-Approved,FALSE,ayodejiyekeen01@gmail.com,Invoice — inv_68638511.pdf [uid:68638511-ad11-48ef-80ec-26e73af4fc87],inv_68638511.pdf,mistral-document-annotation,1,57,2026-06-27T00:38:13.000Z,240299,Monday,2026-06-29T19:23:11.991Z,68638511-ad11-48ef-80ec-26e73af4fc87,19f06834b6645eb0,,,
Northstar Office Supply,NOR-2014,2026-04-18,2026-05-03,CAD,466.94,60.7,527.64,Net 30,Two server maintenance services billed at $233.47 each with 13% tax.,None,Auto-Approved,FALSE,ayodejiyekeen01@gmail.com,Invoice — inv_54143ac4.pdf [uid:54143ac4-b477-4625-b56c-41f2b8c4fbd6],inv_54143ac4.pdf,mistral-document-annotation,1,57,2026-06-27T00:38:07.000Z,240308,Monday,2026-06-29T19:23:15.270Z,54143ac4-b477-4625-b56c-41f2b8c4fbd6,19f0683353315403,,,
Trillium Catering,TRI-2018,2026-05-13,2026-06-12,CAD,781.11,101.54,882.65,Net 15,3 stationery sets at 260.37 CAD each,None,Auto-Approved,FALSE,ayodejiyekeen01@gmail.com,Invoice — inv_421205fd.pdf [uid:421205fd-cd7d-4245-9cfe-f13291a9cbf5],inv_421205fd.pdf,mistral-document-annotation,1,57,2026-06-27T00:38:02.000Z,240318,Monday,2026-06-29T19:23:20.439Z,421205fd-cd7d-4245-9cfe-f13291a9cbf5,19f06831e8290f31,,,
Cedar Facilities Co,CED-2017,2026-04-23,2026-06-07,CAD,1046.39,136.03,1182.42,Net 45,"Cleaning service and software license fees totaling 1,046.39 CAD plus 136.03 CAD tax.",None,Pending Approval,TRUE,ayodejiyekeen01@gmail.com,Invoice — inv_ba31c1db.pdf [uid:ba31c1db-4c40-463f-8190-fcb15365f95c],inv_ba31c1db.pdf,mistral-document-annotation,1,57,2026-06-27T00:37:56.000Z,240328,Monday,2026-06-29T19:23:23.756Z,ba31c1db-4c40-463f-8190-fcb15365f95c,19f0683062343636,,,
QuickPrint Studio,QUI-2016,2026-02-16,2026-04-02,USD,385.78,50.15,435.93,Net 30,Purchase of 2 cases of printer paper,None,Auto-Approved,FALSE,ayodejiyekeen01@gmail.com,Invoice — inv_f950bb60.pdf [uid:f950bb60-bc8c-4bb9-8bd0-7844afaac849],inv_f950bb60.pdf,mistral-document-annotation,1,57,2026-06-27T00:37:50.000Z,240337,Monday,2026-06-29T19:23:26.937Z,f950bb60-bc8c-4bb9-8bd0-7844afaac849,19f0682f3ed0d286,,,
Maple IT Services,,2026-01-24,2026-03-10,CAD,4182.72,543.75,4726.47,Net 15,Purchase of 4 courier deliveries and 4 toner cartridges with 13% tax applied.,Missing invoice number,Pending Approval,TRUE,ayodejiyekeen01@gmail.com,Invoice — inv_e46e6a77.pdf [uid:e46e6a77-a865-4d39-963f-064a95c77dc5],inv_e46e6a77.pdf,mistral-document-annotation,1,57,2026-06-27T00:37:44.000Z,240346,Monday,2026-06-29T19:23:30.205Z,e46e6a77-a865-4d39-963f-064a95c77dc5,19f0682e133fb32b,,,
Northstar Office Supply,NOR-2014,2026-01-18,2026-02-02,CAD,293.56,38.16,331.72,Net 45,Four server maintenance services billed at $73.39 each.,Duplicate invoice - already processed,Pending Approval,TRUE,ayodejiyekeen01@gmail.com,Invoice — inv_c3b2a931.pdf [uid:c3b2a931-0209-4ad9-b6ed-634a64f5b1da],inv_c3b2a931.pdf,mistral-document-annotation,1,57,2026-06-27T00:37:38.000Z,240356,Monday,2026-06-29T19:23:33.566Z,c3b2a931-0209-4ad9-b6ed-634a64f5b1da,19f0682c50e7e909,,,
Northstar Office Supply,NOR-2013,2026-06-01,2026-07-16,USD,286.7,37.27,323.97,Due on receipt,Monthly retainer for 6 months and 5 stationery sets.,None,Auto-Approved,FALSE,ayodejiyekeen01@gmail.com,Invoice — inv_1e0d1ed0.pdf [uid:1e0d1ed0-5276-4680-b8ad-25eda29f69cd],inv_1e0d1ed0.pdf,mistral-document-annotation,1,57,2026-06-27T00:37:33.000Z,240364,Monday,2026-06-29T19:23:36.860Z,1e0d1ed0-5276-4680-b8ad-25eda29f69cd,19f0682abd502575,,,
QuickPrint Studio,QUI-2012,2026-06-15,2026-06-30,CAD,165.72,21.54,187.26,Net 15,Purchase of 6 cases of printer paper,None,Auto-Approved,FALSE,ayodejiyekeen01@gmail.com,Invoice — inv_eb1a12fa.pdf [uid:eb1a12fa-b4e6-477f-9e10-25e3653eefdf],inv_eb1a12fa.pdf,mistral-document-annotation,1,57,2026-06-27T00:37:27.000Z,240373,Monday,2026-06-29T19:23:40.085Z,eb1a12fa-b4e6-477f-9e10-25e3653eefdf,19f06829550fd85d,,,
Maple IT Services,MAP-2011,2026-03-09,2026-04-08,CAD,5125.88,666.36,5792.24,Net 15,"Freight, stationery, server maintenance, and catering charges totaling 5 line items.",None,Pending Approval,TRUE,ayodejiyekeen01@gmail.com,Invoice — inv_ccb44e72.pdf [uid:ccb44e72-67af-4781-8cf7-d14334fb635c],inv_ccb44e72.pdf,mistral-document-annotation,1,57,2026-06-27T00:37:21.000Z,240382,Monday,2026-06-29T19:23:43.320Z,ccb44e72-67af-4781-8cf7-d14334fb635c,19f06827e569608e,,,
Cedar Facilities Co,CED-2010,2026-05-21,2026-06-20,CAD,1664.48,216.38,1880.86,Due on receipt,"Freight charge, printer paper (case), and stationery set purchased.",None,Pending Approval,TRUE,ayodejiyekeen01@gmail.com,Invoice — inv_914496d3.pdf [uid:914496d3-b185-422e-8d76-3671b7813c3c],inv_914496d3.pdf,mistral-document-annotation,1,57,2026-06-27T00:37:15.000Z,240392,Monday,2026-06-29T19:23:46.689Z,914496d3-b185-422e-8d76-3671b7813c3c,19f06826808c5864,,,
Cedar Facilities Co,CED-2009,2026-06-07,2026-07-07,CAD,868.51,112.91,981.42,Net 15,Purchase of 3 toner cartridges and 1 courier delivery service,None,Auto-Approved,FALSE,ayodejiyekeen01@gmail.com,Invoice — inv_de5bc83d.pdf [uid:de5bc83d-50c7-4a24-bdd6-0419dbe8bfb5],inv_de5bc83d.pdf,mistral-document-annotation,1,57,2026-06-27T00:37:09.000Z,240401,Monday,2026-06-29T19:23:50.018Z,de5bc83d-50c7-4a24-bdd6-0419dbe8bfb5,19f068253a21129e,,,
QuickPrint Studio,QUI-2008,2026-03-13,2026-04-12,CAD,427.98,55.64,483.62,Net 15,"3 server maintenance services, 3 cases of printer paper, and 6 stationery sets purchased",None,Auto-Approved,FALSE,ayodejiyekeen01@gmail.com,Invoice — inv_dce59a83.pdf [uid:dce59a83-257e-4f8a-b741-05d30f191644],inv_dce59a83.pdf,mistral-document-annotation,1,57,2026-06-27T00:37:04.000Z,240409,Monday,2026-06-29T19:23:53.317Z,dce59a83-257e-4f8a-b741-05d30f191644,19f06823ce46883b,,,
Northstar Office Supply,NOR-2005,2026-05-04,2026-06-03,CAD,452.97,58.89,511.86,Net 15,Two line items: server maintenance (4 units) and design revision (1 unit) with 13% tax applied.,None,Auto-Approved,FALSE,ayodejiyekeen01@gmail.com,Invoice — inv_360915a0.pdf [uid:360915a0-ce05-457d-8774-5724e13992d6],inv_360915a0.pdf,mistral-document-annotation,1,57,2026-06-27T00:36:58.000Z,240419,Monday,2026-06-29T19:23:56.575Z,360915a0-ce05-457d-8774-5724e13992d6,19f0682268c25f69,,,
Cedar Facilities Co,CED-2006,2026-02-09,2026-03-26,CAD,636.75,82.78,719.53,Net 15,"Purchase of 5 toner cartridges, 5 stationery sets, and 5 cleaning services.",None,Auto-Approved,FALSE,ayodejiyekeen01@gmail.com,Invoice — inv_80f40965.pdf [uid:80f40965-e1ae-4865-a01f-52b1c1084f67],inv_80f40965.pdf,mistral-document-annotation,1,57,2026-06-27T00:36:52.000Z,240428,Monday,2026-06-29T19:24:00.365Z,80f40965-e1ae-4865-a01f-52b1c1084f67,19f0682115086865,,,
Northstar Office Supply,NOR-2005,2026-05-30,2026-06-29,USD,655.48,85.21,740.69,Due on receipt,"Monthly retainer, stationery sets, and consulting hours billed for office supplies and services.",Duplicate invoice - already processed,Pending Approval,TRUE,ayodejiyekeen01@gmail.com,Invoice — inv_79257f56.pdf [uid:79257f56-7525-4136-8ebd-2dc0d7d5ec2d],inv_79257f56.pdf,mistral-document-annotation,1,57,2026-06-27T00:36:46.000Z,240438,Monday,2026-06-29T19:24:03.670Z,79257f56-7525-4136-8ebd-2dc0d7d5ec2d,19f0681fbe0cf763,,,
QuickPrint Studio,QUI-2004,2026-03-14,2026-03-29,CAD,268.32,34.88,303.2,Net 30,"Purchase of 2 cases of printer paper, 6 software licenses, and 2 catering platters.",None,Auto-Approved,FALSE,ayodejiyekeen01@gmail.com,Invoice — inv_73e2b144.pdf [uid:73e2b144-cef6-4227-b94d-35badf5106c2],inv_73e2b144.pdf,mistral-document-annotation,1,57,2026-06-27T00:36:41.000Z,240446,Monday,2026-06-29T19:24:06.950Z,73e2b144-cef6-4227-b94d-35badf5106c2,19f0681e0b208e6e,,,
Cedar Facilities Co,CED-2003,2026-03-21,2026-04-20,CAD,4327.83,562.62,4890.45,Net 15,"Consulting hours, software licenses, and printer paper with applicable tax.",None,Pending Approval,TRUE,ayodejiyekeen01@gmail.com,Invoice — inv_d1348ad6.pdf [uid:d1348ad6-6046-4dca-a4de-b86509d529d5],inv_d1348ad6.pdf,mistral-document-annotation,1,57,2026-06-27T00:36:35.000Z,240455,Monday,2026-06-29T19:24:10.240Z,d1348ad6-6046-4dca-a4de-b86509d529d5,19f0681cc37c5ed6,,,
Bluebird Marketing,BLU-2002,2026-04-01,2026-04-16,CAD,8445.67,1097.94,9543.61,Net 15,Purchase of 4 stationery sets and 3 catering platters,None,Pending Approval,TRUE,ayodejiyekeen01@gmail.com,Invoice — inv_e8f4e262.pdf [uid:e8f4e262-cb88-4a9f-8fda-864d8d6b402d],inv_e8f4e262.pdf,mistral-document-annotation,1,57,2026-06-27T00:36:29.000Z,240465,Monday,2026-06-29T19:24:13.505Z,e8f4e262-cb88-4a9f-8fda-864d8d6b402d,19f0681b5386eb8c,,,
Northstar Office Supply,NOR-2001,2026-05-24,2026-07-08,CAD,673.45,87.55,761,Net 45,Courier delivery and consulting hours billed at respective unit rates.,None,Auto-Approved,FALSE,ayodejiyekeen01@gmail.com,Invoice — inv_6faaed04.pdf [uid:6faaed04-8da1-4645-a502-213e22cc376e],inv_6faaed04.pdf,mistral-document-annotation,1,57,2026-06-27T00:36:23.000Z,240474,Monday,2026-06-29T19:24:17.169Z,6faaed04-8da1-4645-a502-213e22cc376e,19f06819eb087717,,,
QuickPrint Studio,QUI-2000,2026-01-31,2026-02-15,CAD,311.97,40.56,352.53,Net 15,3 stationery sets at $103.99 each with 13% tax,None,Auto-Approved,FALSE,ayodejiyekeen01@gmail.com,Invoice — inv_617024cd.pdf [uid:617024cd-81d7-42fb-9e32-ef876cef1b5c],inv_617024cd.pdf,mistral-document-annotation,1,57,2026-06-27T00:36:17.000Z,240484,Monday,2026-06-29T19:24:20.980Z,617024cd-81d7-42fb-9e32-ef876cef1b5c,19f068186644325f,,,
QuickPrint Studio,QUI-2000,2026-01-31,2026-02-15,CAD,311.97,40.56,352.53,Net 15,3 stationery sets at $103.99 each with 13% tax,Duplicate invoice - already processed,Pending Approval,TRUE,ayodejiyekeen01@gmail.com,Invoice — inv_617024cd.pdf [uid:617024cd-81d7-42fb-9e32-ef876cef1b5c],inv_617024cd.pdf,mistral-document-annotation,1,57,2026-06-27T00:32:40.000Z,240704,Monday,2026-06-29T19:24:24.319Z,617024cd-81d7-42fb-9e32-ef876cef1b5c,19f067e3649ed8bb,,,
SuperStore,36258,2012-03-06,,USD,48.71,0,50.1,Order ID : CA-2012-AB10015140-40974,Purchase of 1 Global Push Button Manager's Chair with 20% discount and shipping fee.,Math check failed: subtotal+tax (48.71) != total (50.10),Pending Approval,TRUE,ayodejiyou@gmail.com,NEW INVOICE,invoice_Aaron Bergman_36258.pdf,mistral-document-annotation,1,57,2026-06-18T01:28:39.000Z,1014949,Monday,2026-06-29T19:24:28.412Z,,19ed85862aa1b5c5,,,